StudyHours,Attendance,AssignmentScore,SleepHours,TutoringHours,ParentalSupport,StressLevel,Performance
5.0,47.0,29.0,6.0,3.0,3.0,9.0,Low
2.0,72.0,60.0,6.0,1.0,3.0,8.0,Low
5.0,49.0,53.0,4.0,3.0,3.0,7.0,Low
3.0,56.0,47.0,4.0,2.0,1.0,9.0,Low
3.0,42.0,46.0,7.0,0.0,2.0,5.0,Low
1.0,69.0,53.0,6.0,0.0,1.0,9.0,Low
5.0,62.0,31.0,7.0,0.0,3.0,5.0,Low
4.0,56.0,47.0,6.0,0.0,1.0,6.0,Low
5.0,60.0,53.0,6.0,2.0,1.0,8.0,Low
2.0,54.0,69.0,7.0,0.0,1.0,9.0,Low
4.0,57.0,60.0,7.0,2.0,2.0,7.0,Low
5.0,65.0,56.0,5.0,2.0,1.0,10.0,Low
3.0,48.0,38.0,6.0,2.0,2.0,7.0,Low
3.0,64.0,45.0,5.0,3.0,3.0,6.0,Low
1.0,55.0,65.0,4.0,1.0,3.0,6.0,Low
1.0,66.0,47.0,6.0,2.0,2.0,6.0,Low
3.0,67.0,26.0,4.0,1.0,1.0,6.0,Low
2.0,72.0,69.0,6.0,1.0,2.0,8.0,Low
5.0,42.0,28.0,5.0,1.0,3.0,7.0,Low
6.0,51.0,49.0,6.0,3.0,2.0,6.0,Low
4.0,51.0,29.0,6.0,2.0,1.0,6.0,Low
4.0,72.0,68.0,4.0,0.0,1.0,5.0,Low
2.0,47.0,67.0,6.0,1.0,2.0,8.0,Low
2.0,55.0,68.0,7.0,0.0,3.0,5.0,Low
2.0,40.0,59.0,5.0,2.0,2.0,7.0,Low
6.0,48.0,26.0,4.0,0.0,3.0,10.0,Low
2.0,49.0,38.0,7.0,3.0,1.0,10.0,Low
2.0,44.0,25.0,6.0,3.0,1.0,6.0,Low
5.0,40.0,57.0,4.0,2.0,3.0,5.0,Low
1.0,57.0,47.0,6.0,1.0,3.0,8.0,Low
4.0,69.0,29.0,6.0,0.0,3.0,7.0,Low
3.0,56.0,53.0,7.0,3.0,1.0,8.0,Low
4.0,66.0,52.0,7.0,3.0,3.0,8.0,Low
6.0,70.0,37.0,5.0,2.0,1.0,6.0,Low
1.0,56.0,51.0,5.0,0.0,1.0,9.0,Low
1.0,49.0,50.0,4.0,1.0,1.0,8.0,Low
3.0,60.0,48.0,6.0,3.0,2.0,9.0,Low
1.0,57.0,33.0,7.0,0.0,1.0,6.0,Low
6.0,58.0,65.0,4.0,0.0,3.0,5.0,Low
6.0,48.0,69.0,5.0,3.0,2.0,9.0,Low
2.0,57.0,68.0,7.0,3.0,2.0,9.0,Low
3.0,45.0,43.0,6.0,0.0,2.0,7.0,Low
2.0,50.0,60.0,7.0,2.0,3.0,10.0,Low
4.0,47.0,61.0,6.0,2.0,3.0,8.0,Low
4.0,70.0,66.0,4.0,3.0,2.0,8.0,Low
1.0,73.0,68.0,4.0,3.0,2.0,8.0,Low
5.0,60.0,27.0,4.0,2.0,2.0,6.0,Low
4.0,65.0,59.0,7.0,3.0,2.0,7.0,Low
5.0,43.0,46.0,6.0,2.0,2.0,10.0,Low
5.0,62.0,37.0,7.0,1.0,2.0,6.0,Low
5.0,53.0,30.0,6.0,0.0,2.0,10.0,Low
6.0,40.0,57.0,7.0,3.0,2.0,5.0,Low
1.0,64.0,49.0,4.0,0.0,2.0,9.0,Low
2.0,58.0,66.0,6.0,3.0,2.0,5.0,Low
1.0,43.0,54.0,7.0,0.0,2.0,5.0,Low
2.0,55.0,31.0,7.0,3.0,3.0,6.0,Low
1.0,41.0,61.0,6.0,3.0,3.0,10.0,Low
6.0,44.0,59.0,7.0,2.0,3.0,10.0,Low
4.0,66.0,49.0,6.0,0.0,3.0,7.0,Low
5.0,58.0,69.0,6.0,2.0,2.0,5.0,Low
3.0,46.0,41.0,4.0,3.0,1.0,7.0,Low
4.0,55.0,31.0,4.0,3.0,2.0,6.0,Low
1.0,45.0,45.0,6.0,2.0,2.0,10.0,Low
2.0,61.0,44.0,7.0,2.0,2.0,8.0,Low
4.0,51.0,66.0,4.0,1.0,2.0,7.0,Low
5.0,59.0,54.0,6.0,2.0,2.0,6.0,Low
4.0,52.0,68.0,6.0,3.0,3.0,8.0,Low
5.0,48.0,39.0,6.0,3.0,2.0,7.0,Low
1.0,49.0,50.0,5.0,1.0,1.0,9.0,Low
5.0,69.0,43.0,5.0,2.0,1.0,6.0,Low
6.0,55.0,59.0,5.0,1.0,3.0,9.0,Low
5.0,47.0,59.0,6.0,1.0,1.0,9.0,Low
6.0,68.0,69.0,6.0,0.0,2.0,7.0,Low
3.0,56.0,66.0,4.0,1.0,1.0,6.0,Low
3.0,74.0,51.0,6.0,1.0,1.0,5.0,Low
3.0,63.0,60.0,7.0,2.0,1.0,9.0,Low
3.0,58.0,59.0,6.0,3.0,2.0,8.0,Low
4.0,57.0,63.0,6.0,2.0,1.0,5.0,Low
3.0,51.0,33.0,5.0,0.0,2.0,10.0,Low
3.0,49.0,32.0,6.0,2.0,2.0,9.0,Low
6.0,58.0,57.0,5.0,3.0,2.0,9.0,Low
4.0,59.0,68.0,6.0,1.0,3.0,5.0,Low
3.0,40.0,30.0,5.0,0.0,2.0,9.0,Low
2.0,54.0,28.0,7.0,2.0,1.0,6.0,Low
1.0,41.0,41.0,7.0,0.0,2.0,5.0,Low
5.0,65.0,42.0,7.0,1.0,1.0,10.0,Low
4.0,49.0,55.0,6.0,0.0,3.0,7.0,Low
4.0,52.0,60.0,7.0,3.0,1.0,9.0,Low
2.0,63.0,28.0,6.0,1.0,2.0,9.0,Low
4.0,44.0,30.0,6.0,0.0,3.0,10.0,Low
3.0,52.0,31.0,4.0,1.0,1.0,5.0,Low
6.0,52.0,45.0,5.0,3.0,3.0,10.0,Low
2.0,59.0,39.0,7.0,3.0,1.0,8.0,Low
6.0,48.0,38.0,5.0,0.0,1.0,7.0,Low
5.0,62.0,44.0,7.0,1.0,3.0,10.0,Low
3.0,46.0,32.0,6.0,1.0,1.0,7.0,Low
1.0,72.0,68.0,6.0,0.0,1.0,5.0,Low
5.0,50.0,27.0,4.0,3.0,1.0,8.0,Low
2.0,57.0,42.0,4.0,1.0,1.0,5.0,Low
2.0,57.0,26.0,5.0,1.0,2.0,8.0,Low
2.0,71.0,46.0,7.0,2.0,2.0,6.0,Low
6.0,64.0,33.0,4.0,2.0,1.0,6.0,Low
1.0,45.0,29.0,6.0,2.0,2.0,6.0,Low
2.0,69.0,48.0,6.0,1.0,1.0,10.0,Low
3.0,73.0,52.0,7.0,3.0,1.0,7.0,Low
2.0,47.0,48.0,5.0,2.0,1.0,9.0,Low
1.0,63.0,57.0,7.0,2.0,1.0,9.0,Low
5.0,45.0,55.0,6.0,0.0,1.0,9.0,Low
6.0,60.0,51.0,5.0,0.0,2.0,10.0,Low
5.0,41.0,45.0,6.0,0.0,1.0,7.0,Low
2.0,69.0,64.0,7.0,1.0,2.0,8.0,Low
5.0,59.0,37.0,7.0,2.0,3.0,5.0,Low
4.0,54.0,43.0,7.0,0.0,3.0,10.0,Low
2.0,46.0,55.0,4.0,3.0,3.0,10.0,Low
6.0,62.0,42.0,5.0,2.0,1.0,9.0,Low
5.0,71.0,56.0,7.0,3.0,3.0,8.0,Low
6.0,74.0,41.0,7.0,2.0,3.0,10.0,Low
3.0,54.0,25.0,6.0,2.0,3.0,8.0,Low
1.0,51.0,32.0,5.0,2.0,1.0,7.0,Low
4.0,70.0,40.0,5.0,1.0,1.0,10.0,Low
1.0,40.0,46.0,4.0,3.0,1.0,8.0,Low
2.0,50.0,59.0,5.0,3.0,3.0,10.0,Low
3.0,44.0,67.0,5.0,0.0,2.0,7.0,Low
1.0,42.0,36.0,5.0,0.0,1.0,10.0,Low
3.0,69.0,43.0,4.0,3.0,1.0,9.0,Low
5.0,43.0,42.0,5.0,0.0,3.0,8.0,Low
5.0,44.0,63.0,6.0,3.0,3.0,7.0,Low
1.0,72.0,28.0,7.0,0.0,3.0,6.0,Low
3.0,52.0,30.0,5.0,0.0,1.0,10.0,Low
4.0,73.0,34.0,4.0,1.0,3.0,5.0,Low
1.0,56.0,68.0,5.0,2.0,2.0,8.0,Low
3.0,69.0,31.0,7.0,3.0,3.0,7.0,Low
1.0,66.0,53.0,7.0,3.0,1.0,6.0,Low
6.0,49.0,37.0,7.0,0.0,2.0,7.0,Low
1.0,72.0,54.0,5.0,1.0,3.0,9.0,Low
6.0,58.0,40.0,6.0,0.0,1.0,9.0,Low
5.0,66.0,37.0,7.0,1.0,2.0,9.0,Low
5.0,53.0,43.0,7.0,2.0,1.0,9.0,Low
3.0,51.0,56.0,5.0,1.0,2.0,6.0,Low
4.0,50.0,25.0,7.0,1.0,3.0,6.0,Low
2.0,44.0,64.0,5.0,3.0,1.0,6.0,Low
4.0,59.0,56.0,7.0,3.0,2.0,8.0,Low
4.0,53.0,44.0,6.0,2.0,1.0,8.0,Low
6.0,69.0,63.0,5.0,1.0,3.0,8.0,Low
3.0,71.0,67.0,7.0,1.0,3.0,10.0,Low
3.0,61.0,45.0,6.0,0.0,2.0,8.0,Low
2.0,47.0,54.0,7.0,1.0,3.0,8.0,Low
6.0,48.0,31.0,6.0,3.0,2.0,5.0,Low
1.0,54.0,43.0,6.0,3.0,3.0,6.0,Low
2.0,56.0,64.0,4.0,2.0,2.0,5.0,Low
2.0,57.0,38.0,6.0,3.0,2.0,5.0,Low
5.0,44.0,68.0,5.0,1.0,1.0,7.0,Low
2.0,67.0,55.0,7.0,3.0,3.0,10.0,Low
3.0,47.0,65.0,5.0,0.0,2.0,10.0,Low
4.0,41.0,35.0,4.0,0.0,2.0,10.0,Low
2.0,40.0,31.0,4.0,3.0,1.0,9.0,Low
3.0,59.0,58.0,6.0,1.0,1.0,9.0,Low
3.0,47.0,53.0,4.0,2.0,3.0,10.0,Low
5.0,42.0,42.0,6.0,3.0,3.0,5.0,Low
6.0,74.0,68.0,7.0,1.0,1.0,8.0,Low
4.0,66.0,49.0,5.0,3.0,2.0,9.0,Low
4.0,49.0,37.0,5.0,1.0,3.0,5.0,Low
4.0,45.0,39.0,5.0,2.0,2.0,9.0,Low
5.0,62.0,60.0,4.0,3.0,3.0,5.0,Low
2.0,56.0,51.0,5.0,0.0,1.0,9.0,Low
4.0,46.0,28.0,4.0,2.0,3.0,6.0,Low
2.0,72.0,52.0,5.0,0.0,3.0,10.0,Low
3.0,61.0,43.0,4.0,0.0,3.0,10.0,Low
1.0,47.0,43.0,4.0,1.0,2.0,10.0,Low
6.0,51.0,47.0,6.0,1.0,1.0,10.0,Low
6.0,66.0,61.0,5.0,4.0,1.0,7.0,Average
5.0,83.0,73.0,6.0,4.0,3.0,8.0,Average
5.0,71.0,63.0,7.0,2.0,2.0,5.0,Average
3.0,72.0,76.0,8.0,2.0,3.0,5.0,Average
8.0,87.0,60.0,7.0,1.0,3.0,8.0,Average
6.0,89.0,55.0,7.0,1.0,3.0,7.0,Average
4.0,72.0,61.0,6.0,2.0,1.0,6.0,Average
6.0,57.0,63.0,7.0,1.0,2.0,7.0,Average
7.0,84.0,80.0,5.0,4.0,2.0,8.0,Average
5.0,63.0,71.0,7.0,4.0,3.0,7.0,Average
8.0,82.0,61.0,8.0,1.0,1.0,7.0,Average
5.0,70.0,75.0,7.0,1.0,2.0,7.0,Average
8.0,73.0,82.0,5.0,2.0,1.0,6.0,Average
5.0,62.0,79.0,6.0,4.0,1.0,4.0,Average
3.0,70.0,65.0,5.0,1.0,2.0,5.0,Average
4.0,73.0,82.0,6.0,1.0,1.0,8.0,Average
8.0,60.0,76.0,7.0,1.0,3.0,8.0,Average
8.0,65.0,64.0,8.0,1.0,2.0,5.0,Average
6.0,84.0,58.0,8.0,3.0,3.0,5.0,Average
6.0,88.0,81.0,5.0,4.0,2.0,7.0,Average
4.0,68.0,58.0,5.0,3.0,1.0,6.0,Average
3.0,66.0,59.0,8.0,1.0,1.0,8.0,Average
3.0,63.0,71.0,5.0,2.0,1.0,8.0,Average
6.0,78.0,73.0,8.0,1.0,2.0,8.0,Average
3.0,58.0,69.0,5.0,2.0,2.0,7.0,Average
4.0,76.0,64.0,5.0,3.0,1.0,7.0,Average
7.0,87.0,77.0,5.0,4.0,1.0,6.0,Average
8.0,58.0,69.0,7.0,2.0,3.0,6.0,Average
6.0,56.0,72.0,8.0,1.0,2.0,6.0,Average
6.0,81.0,78.0,8.0,2.0,2.0,7.0,Average
7.0,78.0,82.0,8.0,3.0,2.0,6.0,Average
5.0,73.0,61.0,7.0,3.0,2.0,4.0,Average
7.0,64.0,71.0,5.0,1.0,3.0,8.0,Average
8.0,80.0,77.0,5.0,3.0,3.0,4.0,Average
4.0,65.0,66.0,5.0,3.0,2.0,8.0,Average
7.0,58.0,79.0,5.0,2.0,2.0,8.0,Average
5.0,68.0,76.0,5.0,4.0,3.0,4.0,Average
4.0,85.0,66.0,8.0,1.0,2.0,7.0,Average
6.0,89.0,69.0,7.0,2.0,3.0,8.0,Average
3.0,75.0,69.0,6.0,2.0,2.0,6.0,Average
7.0,62.0,60.0,8.0,1.0,3.0,7.0,Average
5.0,81.0,63.0,8.0,3.0,2.0,8.0,Average
4.0,61.0,77.0,5.0,3.0,3.0,7.0,Average
4.0,62.0,79.0,8.0,2.0,3.0,8.0,Average
8.0,64.0,65.0,8.0,3.0,1.0,4.0,Average
7.0,75.0,66.0,7.0,4.0,3.0,5.0,Average
4.0,62.0,81.0,7.0,3.0,3.0,7.0,Average
4.0,61.0,60.0,7.0,2.0,2.0,6.0,Average
3.0,69.0,74.0,6.0,1.0,3.0,4.0,Average
5.0,59.0,61.0,5.0,1.0,2.0,6.0,Average
6.0,64.0,73.0,6.0,1.0,1.0,5.0,Average
8.0,77.0,66.0,6.0,1.0,1.0,4.0,Average
6.0,84.0,62.0,8.0,1.0,1.0,6.0,Average
7.0,76.0,58.0,5.0,4.0,1.0,8.0,Average
8.0,81.0,56.0,8.0,1.0,3.0,7.0,Average
6.0,72.0,72.0,8.0,2.0,3.0,7.0,Average
4.0,73.0,78.0,5.0,2.0,3.0,6.0,Average
5.0,67.0,74.0,7.0,2.0,1.0,8.0,Average
6.0,82.0,73.0,6.0,3.0,3.0,6.0,Average
6.0,65.0,74.0,8.0,4.0,3.0,4.0,Average
5.0,56.0,68.0,6.0,4.0,3.0,7.0,Average
7.0,73.0,62.0,7.0,4.0,1.0,7.0,Average
7.0,63.0,78.0,5.0,2.0,1.0,5.0,Average
6.0,58.0,69.0,5.0,2.0,1.0,7.0,Average
8.0,75.0,58.0,5.0,2.0,3.0,4.0,Average
4.0,59.0,57.0,5.0,1.0,2.0,4.0,Average
7.0,75.0,57.0,8.0,1.0,2.0,6.0,Average
5.0,79.0,65.0,5.0,2.0,1.0,4.0,Average
7.0,84.0,75.0,6.0,4.0,3.0,7.0,Average
4.0,70.0,75.0,7.0,4.0,1.0,5.0,Average
5.0,76.0,59.0,7.0,4.0,1.0,5.0,Average
5.0,56.0,67.0,6.0,1.0,3.0,5.0,Average
5.0,74.0,56.0,8.0,4.0,2.0,6.0,Average
6.0,77.0,73.0,8.0,3.0,1.0,4.0,Average
6.0,71.0,84.0,8.0,3.0,2.0,6.0,Average
5.0,67.0,78.0,7.0,3.0,3.0,4.0,Average
5.0,76.0,60.0,6.0,2.0,2.0,5.0,Average
6.0,60.0,77.0,6.0,4.0,2.0,8.0,Average
6.0,75.0,77.0,8.0,1.0,3.0,4.0,Average
4.0,68.0,70.0,7.0,4.0,1.0,5.0,Average
6.0,82.0,83.0,6.0,1.0,1.0,7.0,Average
5.0,78.0,77.0,8.0,2.0,2.0,5.0,Average
3.0,62.0,58.0,8.0,4.0,2.0,4.0,Average
4.0,79.0,56.0,5.0,1.0,3.0,6.0,Average
4.0,70.0,75.0,6.0,2.0,1.0,6.0,Average
8.0,66.0,71.0,7.0,1.0,3.0,5.0,Average
8.0,72.0,71.0,6.0,4.0,2.0,7.0,Average
7.0,67.0,55.0,6.0,2.0,2.0,7.0,Average
3.0,58.0,80.0,6.0,3.0,2.0,7.0,Average
5.0,57.0,60.0,5.0,4.0,2.0,8.0,Average
6.0,88.0,70.0,5.0,4.0,3.0,7.0,Average
3.0,57.0,80.0,5.0,3.0,3.0,7.0,Average
7.0,57.0,76.0,7.0,1.0,3.0,6.0,Average
7.0,55.0,66.0,8.0,1.0,2.0,5.0,Average
8.0,85.0,74.0,6.0,1.0,3.0,7.0,Average
7.0,77.0,84.0,7.0,1.0,2.0,4.0,Average
7.0,81.0,59.0,6.0,3.0,2.0,4.0,Average
8.0,63.0,74.0,5.0,1.0,2.0,8.0,Average
3.0,56.0,71.0,6.0,2.0,1.0,5.0,Average
3.0,78.0,73.0,6.0,2.0,1.0,7.0,Average
4.0,68.0,77.0,8.0,1.0,2.0,8.0,Average
5.0,84.0,67.0,7.0,1.0,1.0,7.0,Average
8.0,64.0,78.0,8.0,3.0,2.0,5.0,Average
6.0,73.0,59.0,8.0,2.0,1.0,8.0,Average
3.0,71.0,59.0,8.0,2.0,2.0,4.0,Average
6.0,56.0,57.0,7.0,2.0,1.0,8.0,Average
7.0,85.0,59.0,6.0,1.0,1.0,6.0,Average
4.0,79.0,64.0,5.0,1.0,2.0,5.0,Average
5.0,64.0,70.0,6.0,2.0,2.0,5.0,Average
6.0,64.0,61.0,5.0,4.0,2.0,5.0,Average
7.0,81.0,65.0,5.0,2.0,3.0,8.0,Average
8.0,72.0,65.0,7.0,1.0,1.0,6.0,Average
3.0,87.0,73.0,6.0,2.0,1.0,8.0,Average
4.0,64.0,60.0,8.0,2.0,2.0,5.0,Average
4.0,62.0,63.0,8.0,3.0,3.0,5.0,Average
7.0,57.0,77.0,7.0,4.0,2.0,8.0,Average
3.0,87.0,69.0,5.0,4.0,3.0,6.0,Average
7.0,80.0,78.0,8.0,3.0,2.0,8.0,Average
6.0,70.0,68.0,6.0,4.0,2.0,8.0,Average
5.0,81.0,64.0,7.0,3.0,1.0,6.0,Average
6.0,74.0,71.0,6.0,2.0,3.0,8.0,Average
8.0,60.0,59.0,8.0,3.0,2.0,4.0,Average
8.0,59.0,65.0,7.0,2.0,3.0,5.0,Average
6.0,65.0,62.0,5.0,3.0,2.0,4.0,Average
3.0,75.0,65.0,7.0,2.0,2.0,6.0,Average
8.0,64.0,69.0,8.0,4.0,3.0,4.0,Average
4.0,67.0,75.0,6.0,3.0,2.0,5.0,Average
3.0,75.0,56.0,5.0,3.0,1.0,5.0,Average
5.0,85.0,69.0,5.0,4.0,1.0,8.0,Average
5.0,74.0,62.0,7.0,2.0,1.0,4.0,Average
7.0,73.0,84.0,8.0,1.0,2.0,5.0,Average
7.0,67.0,56.0,7.0,2.0,3.0,7.0,Average
3.0,59.0,76.0,8.0,1.0,2.0,4.0,Average
7.0,75.0,80.0,7.0,4.0,1.0,4.0,Average
5.0,69.0,55.0,5.0,4.0,2.0,7.0,Average
7.0,57.0,60.0,6.0,2.0,1.0,8.0,Average
7.0,56.0,57.0,7.0,3.0,1.0,8.0,Average
5.0,63.0,69.0,8.0,2.0,1.0,5.0,Average
6.0,89.0,79.0,5.0,2.0,2.0,4.0,Average
7.0,83.0,69.0,7.0,4.0,3.0,4.0,Average
5.0,89.0,64.0,5.0,1.0,1.0,4.0,Average
7.0,65.0,59.0,7.0,2.0,1.0,7.0,Average
4.0,60.0,75.0,5.0,3.0,3.0,8.0,Average
8.0,57.0,57.0,6.0,1.0,3.0,4.0,Average
4.0,82.0,81.0,6.0,1.0,2.0,8.0,Average
5.0,58.0,81.0,5.0,3.0,3.0,7.0,Average
4.0,71.0,67.0,6.0,3.0,1.0,7.0,Average
6.0,75.0,59.0,6.0,3.0,3.0,8.0,Average
4.0,81.0,60.0,8.0,2.0,1.0,5.0,Average
5.0,74.0,55.0,6.0,3.0,1.0,8.0,Average
6.0,75.0,61.0,8.0,3.0,3.0,6.0,Average
4.0,85.0,64.0,7.0,4.0,2.0,7.0,Average
5.0,58.0,66.0,5.0,4.0,2.0,4.0,Average
7.0,84.0,57.0,5.0,4.0,3.0,7.0,Average
3.0,83.0,81.0,7.0,4.0,2.0,6.0,Average
6.0,69.0,68.0,7.0,4.0,2.0,8.0,Average
8.0,75.0,56.0,5.0,2.0,2.0,8.0,Average
6.0,64.0,78.0,8.0,3.0,3.0,6.0,Average
8.0,85.0,71.0,7.0,2.0,1.0,5.0,Average
6.0,88.0,72.0,6.0,2.0,3.0,6.0,Average
4.0,56.0,78.0,5.0,2.0,1.0,4.0,Average
3.0,62.0,65.0,5.0,4.0,3.0,5.0,Average
8.0,88.0,60.0,6.0,1.0,1.0,8.0,Average
4.0,81.0,79.0,7.0,2.0,1.0,4.0,Average
8.0,56.0,72.0,8.0,3.0,3.0,4.0,Average
3.0,63.0,57.0,7.0,1.0,1.0,8.0,Average
5.0,60.0,66.0,7.0,4.0,2.0,7.0,Average
8.0,88.0,79.0,6.0,3.0,2.0,7.0,Average
8.0,75.0,60.0,8.0,1.0,2.0,5.0,Average
5.0,84.0,62.0,5.0,3.0,3.0,5.0,Average
8.0,86.0,77.0,7.0,1.0,2.0,6.0,High
6.0,78.0,77.0,7.0,5.0,1.0,6.0,High
9.0,88.0,80.0,7.0,3.0,1.0,6.0,High
8.0,87.0,89.0,9.0,3.0,3.0,3.0,High
10.0,73.0,74.0,9.0,2.0,1.0,3.0,High
8.0,83.0,96.0,7.0,2.0,1.0,2.0,High
9.0,90.0,96.0,6.0,5.0,1.0,6.0,High
8.0,99.0,83.0,7.0,5.0,3.0,4.0,High
7.0,89.0,94.0,6.0,4.0,2.0,1.0,High
6.0,93.0,72.0,7.0,1.0,2.0,3.0,High
7.0,97.0,98.0,9.0,2.0,1.0,5.0,High
7.0,80.0,71.0,7.0,4.0,1.0,7.0,High
9.0,86.0,75.0,7.0,2.0,2.0,5.0,High
9.0,93.0,100.0,8.0,2.0,3.0,2.0,High
5.0,90.0,75.0,9.0,1.0,3.0,2.0,High
10.0,98.0,76.0,7.0,3.0,2.0,4.0,High
10.0,82.0,87.0,6.0,1.0,2.0,4.0,High
7.0,84.0,79.0,8.0,3.0,2.0,2.0,High
5.0,84.0,94.0,9.0,4.0,3.0,1.0,High
5.0,88.0,90.0,7.0,4.0,3.0,3.0,High
5.0,99.0,82.0,7.0,1.0,3.0,2.0,High
8.0,70.0,99.0,7.0,5.0,3.0,6.0,High
8.0,91.0,70.0,7.0,3.0,3.0,3.0,High
5.0,77.0,79.0,6.0,5.0,1.0,1.0,High
7.0,70.0,83.0,8.0,3.0,2.0,7.0,High
6.0,92.0,96.0,9.0,2.0,1.0,2.0,High
6.0,87.0,71.0,7.0,3.0,1.0,5.0,High
5.0,87.0,100.0,6.0,2.0,3.0,4.0,High
6.0,76.0,94.0,6.0,4.0,2.0,7.0,High
5.0,72.0,87.0,9.0,3.0,3.0,7.0,High
7.0,90.0,93.0,9.0,4.0,1.0,5.0,High
5.0,90.0,71.0,9.0,5.0,3.0,2.0,High
6.0,93.0,88.0,7.0,4.0,2.0,4.0,High
9.0,73.0,72.0,8.0,2.0,2.0,3.0,High
8.0,98.0,84.0,7.0,3.0,3.0,5.0,High
5.0,87.0,86.0,8.0,5.0,2.0,4.0,High
8.0,71.0,83.0,8.0,4.0,1.0,2.0,High
10.0,75.0,70.0,6.0,2.0,3.0,2.0,High
8.0,78.0,93.0,8.0,2.0,2.0,1.0,High
10.0,99.0,100.0,9.0,5.0,3.0,1.0,High
5.0,76.0,96.0,7.0,3.0,2.0,2.0,High
7.0,78.0,86.0,7.0,4.0,1.0,2.0,High
9.0,76.0,81.0,8.0,5.0,1.0,5.0,High
6.0,83.0,79.0,9.0,3.0,1.0,4.0,High
6.0,93.0,70.0,7.0,5.0,2.0,5.0,High
10.0,73.0,96.0,7.0,4.0,2.0,3.0,High
5.0,70.0,83.0,6.0,5.0,1.0,7.0,High
8.0,70.0,73.0,6.0,1.0,1.0,3.0,High
7.0,70.0,85.0,9.0,2.0,1.0,5.0,High
8.0,88.0,86.0,9.0,4.0,1.0,3.0,High
5.0,81.0,83.0,9.0,2.0,1.0,3.0,High
8.0,71.0,82.0,9.0,2.0,2.0,5.0,High
5.0,84.0,80.0,6.0,5.0,1.0,2.0,High
8.0,70.0,97.0,6.0,1.0,3.0,5.0,High
7.0,81.0,80.0,8.0,3.0,2.0,5.0,High
9.0,84.0,92.0,7.0,4.0,1.0,7.0,High
5.0,95.0,100.0,6.0,4.0,1.0,6.0,High
8.0,97.0,98.0,6.0,1.0,3.0,2.0,High
9.0,74.0,86.0,6.0,2.0,1.0,5.0,High
9.0,88.0,73.0,7.0,5.0,2.0,3.0,High
6.0,84.0,76.0,8.0,2.0,1.0,2.0,High
9.0,92.0,76.0,8.0,4.0,3.0,2.0,High
6.0,72.0,93.0,6.0,3.0,1.0,7.0,High
10.0,95.0,74.0,7.0,5.0,2.0,7.0,High
10.0,100.0,93.0,6.0,4.0,3.0,5.0,High
7.0,94.0,90.0,8.0,3.0,1.0,3.0,High
7.0,93.0,83.0,8.0,3.0,1.0,7.0,High
7.0,77.0,82.0,7.0,2.0,3.0,5.0,High
7.0,78.0,96.0,9.0,1.0,2.0,5.0,High
7.0,77.0,74.0,9.0,1.0,3.0,6.0,High
10.0,81.0,77.0,9.0,4.0,3.0,4.0,High
6.0,89.0,91.0,9.0,4.0,1.0,2.0,High
8.0,89.0,96.0,7.0,3.0,2.0,2.0,High
9.0,83.0,74.0,6.0,1.0,3.0,3.0,High
5.0,92.0,72.0,7.0,2.0,1.0,4.0,High
5.0,98.0,90.0,7.0,1.0,2.0,1.0,High
6.0,90.0,79.0,9.0,5.0,3.0,4.0,High
9.0,98.0,82.0,9.0,1.0,3.0,2.0,High
6.0,72.0,79.0,7.0,4.0,1.0,2.0,High
9.0,93.0,79.0,8.0,1.0,3.0,5.0,High
6.0,79.0,91.0,7.0,2.0,3.0,5.0,High
9.0,90.0,95.0,7.0,5.0,1.0,5.0,High
5.0,75.0,91.0,6.0,2.0,2.0,2.0,High
6.0,97.0,86.0,6.0,4.0,1.0,2.0,High
5.0,94.0,71.0,7.0,1.0,1.0,5.0,High
7.0,89.0,71.0,8.0,1.0,3.0,2.0,High
6.0,80.0,95.0,6.0,2.0,1.0,4.0,High
7.0,79.0,94.0,9.0,1.0,3.0,7.0,High
6.0,72.0,72.0,6.0,3.0,1.0,6.0,High
8.0,100.0,84.0,8.0,2.0,1.0,1.0,High
8.0,99.0,93.0,7.0,5.0,2.0,6.0,High
5.0,96.0,74.0,6.0,3.0,1.0,3.0,High
6.0,90.0,93.0,7.0,2.0,2.0,5.0,High
6.0,98.0,95.0,9.0,4.0,2.0,4.0,High
6.0,73.0,100.0,6.0,4.0,2.0,2.0,High
10.0,93.0,77.0,7.0,4.0,1.0,6.0,High
5.0,93.0,78.0,8.0,1.0,1.0,6.0,High
7.0,84.0,75.0,7.0,2.0,1.0,1.0,High
7.0,99.0,77.0,7.0,2.0,2.0,6.0,High
9.0,79.0,74.0,6.0,5.0,2.0,3.0,High
5.0,100.0,85.0,8.0,3.0,1.0,7.0,High
9.0,79.0,78.0,8.0,1.0,1.0,1.0,High
10.0,80.0,71.0,6.0,3.0,1.0,7.0,High
6.0,88.0,75.0,8.0,4.0,3.0,4.0,High
5.0,80.0,99.0,6.0,4.0,2.0,4.0,High
10.0,89.0,70.0,8.0,1.0,2.0,1.0,High
9.0,87.0,86.0,7.0,2.0,2.0,1.0,High
5.0,70.0,74.0,9.0,3.0,1.0,4.0,High
10.0,71.0,76.0,6.0,3.0,2.0,3.0,High
9.0,89.0,83.0,7.0,3.0,1.0,2.0,High
6.0,70.0,100.0,7.0,4.0,3.0,1.0,High
5.0,96.0,97.0,8.0,3.0,1.0,1.0,High
7.0,81.0,75.0,7.0,2.0,2.0,4.0,High
9.0,95.0,81.0,6.0,1.0,1.0,5.0,High
10.0,93.0,80.0,7.0,5.0,1.0,4.0,High
6.0,81.0,87.0,8.0,5.0,2.0,4.0,High
6.0,88.0,96.0,8.0,1.0,1.0,5.0,High
7.0,83.0,70.0,9.0,3.0,1.0,7.0,High
8.0,70.0,90.0,9.0,3.0,2.0,3.0,High
8.0,87.0,86.0,6.0,3.0,3.0,7.0,High
10.0,74.0,82.0,8.0,2.0,3.0,5.0,High
9.0,73.0,72.0,8.0,3.0,2.0,6.0,High
5.0,97.0,95.0,9.0,3.0,2.0,3.0,High
10.0,74.0,86.0,8.0,3.0,1.0,4.0,High
9.0,71.0,72.0,9.0,2.0,3.0,4.0,High
7.0,86.0,91.0,6.0,5.0,3.0,5.0,High
10.0,100.0,83.0,6.0,4.0,1.0,2.0,High
8.0,88.0,79.0,7.0,4.0,1.0,1.0,High
5.0,91.0,91.0,9.0,2.0,1.0,7.0,High
5.0,71.0,74.0,9.0,4.0,3.0,3.0,High
6.0,83.0,84.0,9.0,2.0,1.0,3.0,High
7.0,79.0,84.0,7.0,4.0,3.0,6.0,High
7.0,87.0,91.0,7.0,5.0,3.0,4.0,High
7.0,91.0,72.0,9.0,5.0,2.0,4.0,High
9.0,76.0,89.0,7.0,2.0,2.0,7.0,High
8.0,95.0,77.0,8.0,4.0,3.0,3.0,High
7.0,70.0,88.0,8.0,5.0,3.0,1.0,High
7.0,78.0,86.0,9.0,4.0,3.0,1.0,High
10.0,88.0,96.0,6.0,1.0,2.0,6.0,High
8.0,81.0,94.0,8.0,5.0,2.0,5.0,High
7.0,71.0,100.0,6.0,1.0,2.0,1.0,High
9.0,88.0,95.0,6.0,2.0,1.0,3.0,High
5.0,80.0,90.0,7.0,3.0,2.0,7.0,High
8.0,87.0,78.0,7.0,1.0,2.0,2.0,High
8.0,89.0,83.0,8.0,3.0,3.0,5.0,High
6.0,95.0,94.0,9.0,1.0,2.0,4.0,High
6.0,79.0,97.0,7.0,2.0,1.0,5.0,High
5.0,72.0,71.0,9.0,4.0,3.0,5.0,High
10.0,82.0,73.0,7.0,4.0,3.0,3.0,High
7.0,72.0,78.0,6.0,3.0,3.0,4.0,High
9.0,78.0,78.0,6.0,1.0,2.0,7.0,High
6.0,77.0,88.0,6.0,2.0,1.0,3.0,High
10.0,88.0,87.0,8.0,3.0,2.0,3.0,High
6.0,78.0,92.0,7.0,1.0,3.0,3.0,High
10.0,89.0,74.0,6.0,2.0,1.0,6.0,High
6.0,71.0,87.0,9.0,1.0,1.0,2.0,High
5.0,95.0,90.0,6.0,3.0,1.0,5.0,High
7.0,96.0,93.0,7.0,5.0,1.0,7.0,High
8.0,74.0,97.0,7.0,4.0,3.0,4.0,High
6.0,91.0,82.0,6.0,2.0,2.0,3.0,High
10.0,81.0,96.0,8.0,4.0,1.0,1.0,High
10.0,87.0,79.0,7.0,5.0,1.0,1.0,High
5.0,75.0,93.0,6.0,3.0,2.0,3.0,High
6.0,88.0,89.0,6.0,4.0,2.0,2.0,High
7.0,70.0,71.0,7.0,4.0,3.0,1.0,High
5.0,74.0,90.0,7.0,2.0,3.0,6.0,High
10.0,100.0,87.0,9.0,5.0,3.0,7.0,High
8.0,84.0,75.0,8.0,3.0,2.0,5.0,High
10.0,99.0,88.0,6.0,3.0,3.0,1.0,High
8.0,87.0,98.0,6.0,4.0,3.0,2.0,High
